Name,Phone Number,Email ID
Aadhya Chopra,+916350851274,aadhya.chopra5@yahoo.com
Aadhya Jain,+916766123772,aadhya.jain69@yahoo.com
Aadhya Khanna,+916956660143,aadhya.khanna5@hotmail.com
Aadhya Trivedi,+918405549732,aadhya.trivedi79@yahoo.com
Aarav Desai,+918234240752,aarav.desai97@yahoo.com
Aarav Nair,+918493906232,aarav.nair53@outlook.com
Aditya Mehta,+919230934791,aditya.mehta15@hotmail.com
Aditya Mishra,+916916425050,aditya.mishra28@yahoo.com
Aditya Verma,+919414105890,aditya.verma98@outlook.com
Ananya Bose,+918082431083,ananya.bose91@hotmail.com
Ananya Khanna,+916245684465,ananya.khanna38@hotmail.com
Anika Nair,+917497578748,anika.nair37@gmail.com
Arjun Jain,+917653319114,arjun.jain10@yahoo.com
Arjun Jain,+917976524669,arjun.jain31@hotmail.com
Arjun Malhotra,+916402344990,arjun.malhotra49@outlook.com
Aryan Ahuja,+918964091329,aryan.ahuja34@gmail.com
Aryan Jain,+917268005217,aryan.jain79@hotmail.com
Aryan Patel,+919431252659,aryan.patel88@outlook.com
Diya Desai,+919408878237,diya.desai88@outlook.com
Diya Gupta,+917130762742,diya.gupta98@yahoo.com
Ira Patel,+917093996604,ira.patel74@outlook.com
Ira Verma,+916326137213,ira.verma16@gmail.com
Ishaan Mehta,+916454161821,ishaan.mehta11@hotmail.com
Ishaan Saxena,+918136537755,ishaan.saxena67@outlook.com
Ishaan Sharma,+919716376717,ishaan.sharma16@hotmail.com
Ishaan Trivedi,+916015083257,ishaan.trivedi46@hotmail.com
Krishna Gupta,+919405904319,krishna.gupta58@yahoo.com
Krishna Saxena,+919253689902,krishna.saxena98@outlook.com
Krishna Sharma,+918436996947,krishna.sharma95@yahoo.com
Krishna Verma,+916473498627,krishna.verma68@yahoo.com
Meera Gupta,+918791929073,meera.gupta95@outlook.com
Meera Kapoor,+917090360797,meera.kapoor84@hotmail.com
Meera Mehta,+917703427045,meera.mehta67@gmail.com
Myra Ahuja,+916190605710,myra.ahuja7@yahoo.com
Myra Mehta,+916502745786,myra.mehta64@gmail.com
Navya Gupta,+919266408297,navya.gupta90@yahoo.com
Navya Mehta,+918780553518,navya.mehta54@yahoo.com
Navya Sharma,+919371146230,navya.sharma19@outlook.com
Navya Trivedi,+919246508298,navya.trivedi67@yahoo.com
Rohan Saxena,+919295675918,rohan.saxena6@yahoo.com
Rohan Sharma,+918290121222,rohan.sharma71@outlook.com
Saanvi Iyer,+918602198410,saanvi.iyer52@outlook.com
Saanvi Verma,+916554688078,saanvi.verma50@gmail.com
Sai Jain,+917069909043,sai.jain95@yahoo.com
Sai Mehta,+919455364033,sai.mehta35@outlook.com
Vihaan Jain,+916450934857,vihaan.jain94@gmail.com
Vihaan Malhotra,+918321247072,vihaan.malhotra24@yahoo.com
Vihaan Saxena,+917461537735,vihaan.saxena55@outlook.com
Vivaan Desai,+916126871354,vivaan.desai78@gmail.com
Vivaan Verma,+916333655702,vivaan.verma45@gmail.com
